draft_year,overall_pick,round,person_id,player_name,team,sum_war,has_portrait
1984,1,1,165,Hakeem Olajuwon,HOU,190.8,1
1984,3,1,893,Michael Jordan,CHI,280.4,1
1984,5,1,787,Charles Barkley,PHL,199.1,1
1984,16,1,304,John Stockton,UTH,302.6,1
1984,2,1,76217,Sam Bowie,POR,7.7,0
1984,4,1,64,Sam Perkins,DAL,77.8,0
1984,9,1,901,Otis Thorpe,KCK,51.9,1
1984,11,1,788,Kevin Willis,ATL,28.6,0
1984,7,1,926,Alvin Robertson,SAN,85.8,0
1984,46,2,760,Jerome Kersey,POR,77.5,0
1984,14,1,262,Michael Cage,LAC,46.2,0
1984,18,1,313,Vern Fleming,IND,41.7,0
1996,13,1,977,Kobe Bryant,CHH,210.0,1
1996,1,1,947,Allen Iverson,PHI,109.0,1
1996,15,1,959,Steve Nash,PHX,137.2,1
1996,5,1,951,Ray Allen,MIN,165.8,1
1996,2,1,948,Marcus Camby,TOR,66.6,1
1996,4,1,950,Stephon Marbury,MIL,72.8,1
1996,3,1,949,Shareef Abdur-Rahim,VAN,34.1,1
1996,14,1,978,Peja Stojakovic,SAC,68.8,1
1996,17,1,979,Jermaine O'Neal,POR,32.8,0
1996,6,1,952,Antoine Walker,BOS,31.4,1
1996,20,1,980,Zydrunas Ilgauskas,CLE,38.2,1
1996,24,1,965,Derek Fisher,LAL,63.2,0
2003,1,1,2544,LeBron James,CLE,330.3,1
2003,5,1,2548,Dwyane Wade,MIA,149.5,1
2003,3,1,2546,Carmelo Anthony,DEN,79.5,1
2003,4,1,2547,Chris Bosh,TOR,72.6,1
2003,18,1,2561,David West,NOH,58.4,1
2003,7,1,2550,Kirk Hinrich,CHI,56.8,1
2003,51,2,2594,Kyle Korver,NJN,64.9,1
2003,21,1,2564,Boris Diaw,ATL,42.8,1
2003,29,1,2572,Josh Howard,DAL,40.6,1
2003,47,2,2590,Mo Williams,UTA,28.0,1
2003,28,1,2571,Leandro Barbosa,SAS,23.8,1
2003,14,1,2557,Luke Ridnour,SEA,26.1,0
