class,rank,player,生涯WAR,巅峰季WAR,生涯季数,平均WAR,巅峰RAPTOR
1984,1,John Stockton,302.58,23.39,19,15.93,10.36
1984,2,Michael Jordan,280.36,28.76,15,18.69,12.29
1984,3,Charles Barkley,199.09,20.37,16,12.44,8.65
1984,4,Hakeem Olajuwon,190.78,20.2,18,10.6,7.78
1984,5,Alvin Robertson,85.8,13.91,10,8.58,6.38
1984,6,Otis Thorpe,51.92,6.44,17,3.05,1.06
1984,7,Kevin Willis,28.57,6.36,21,1.36,1.43
1996,1,Kobe Bryant,210.05,20.76,20,10.5,7.2
1996,2,Ray Allen,165.8,19.79,18,9.21,7.16
1996,3,Steve Nash,137.24,15.0,18,7.62,6.32
1996,4,Ben Wallace,113.52,17.46,16,7.1,5.87
1996,5,Allen Iverson,109.01,14.16,14,7.79,4.17
1996,6,Stephon Marbury,72.78,13.22,13,5.6,5.18
1996,7,Peja Stojakovic,68.83,11.57,13,5.29,4.1
2003,1,LeBron James,330.3,28.53,19,17.38,12.58
2003,2,Dwyane Wade,149.5,23.55,16,9.34,9.39
2003,3,Carmelo Anthony,79.48,9.86,19,4.18,3.78
2003,4,Chris Bosh,72.6,10.06,13,5.58,4.01
2003,5,David West,58.41,8.31,15,3.89,2.94
2003,6,Kirk Hinrich,56.81,10.44,13,4.37,3.62
2003,7,Chris Kaman,-5.78,2.68,13,-0.44,-0.82
